<?xml version="1.0" encoding="UTF-8" standalone="yes"?>
<addon id="repository.houseofstark" name="House of Stark Repository" version="1.0" provider-name="House of Stark">
	<extension point="xbmc.addon.repository" name="House of Stark Repository">
		<info compressed="false">https://raw.githubusercontent.com/Shanpython/repository.houseofstark/master/zips/addons.xml</info>
		<checksum>https://raw.githubusercontent.com/Shanpython/repository.houseofstark/master/zips/addons.xml.md5</checksum>
		<datadir zip="true">https://raw.githubusercontent.com/Shanpython/repository.houseofstark/master/zips/</datadir>
	</extension>
	<extension point="xbmc.addon.metadata">
		<summary>Home of The Shan Wizard</summary>
		<description>Best Place to Get Shan Wizard</description>
		<platform>all</platform>
	</extension>
</addon>
